{"name":"4b043682-8405-4a09-a7d4-cfcd9e5dd46d","id":"/providers/Microsoft.Flow/flows/4b043682-8405-4a09-a7d4-cfcd9e5dd46d","type":"Microsoft.Flow/flows","properties":{"apiId":"/providers/Microsoft.PowerApps/apis/shared_logicflows","displayName":"GY-Receive push notifications for new Office 365 Outlook emails","definition":{"metadata":{"workflowEntityId":null,"processAdvisorMetadata":null,"flowclientsuspensionreason":"None","flowclientsuspensiontime":null,"flowclientsuspensionreasondetails":null,"creator":{"id":"4138d0b2-f004-448a-8c36-81e69abcb881","type":"User","tenantId":"996ff804-54e1-4cdb-a28e-02360a77f30e"},"provisioningMethod":"FromDefinition","failureAlertSubscription":true,"clientLastModifiedTime":"2022-11-28T04:20:40.9299525Z"},"$schema":"https://schema.management.azure.com/providers/Microsoft.Logic/schemas/2016-06-01/workflowdefinition.json#","contentVersion":"1.0.0.0","parameters":{"$connections":{"defaultValue":{},"type":"Object"},"$authentication":{"defaultValue":{},"type":"SecureObject"}},"triggers":{"When_a_new_email_arrives":{"recurrence":{"frequency":"Minute","interval":1},"splitOn":"@triggerOutputs()?['body/value']","metadata":{"operationMetadataId":"4adfcc6e-6c49-49ac-91b1-bc114ed5af46"},"type":"OpenApiConnection","inputs":{"host":{"apiId":"/providers/Microsoft.PowerApps/apis/shared_office365","connectionName":"shared_office365","operationId":"OnNewEmailV2"},"parameters":{"folderPath":"Inbox","importance":"Any"},"authentication":"@parameters('$authentication')"},"conditions":[{"expression":"@contains(triggerOutputs()?['body/subject'],'!')"}]}},"actions":{"Condition":{"actions":{"Send_me_a_mobile_notification_2":{"runAfter":{},"metadata":{"operationMetadataId":"f3bc6ad9-cd25-4aed-87cb-c0a41d785fe3"},"type":"OpenApiConnection","inputs":{"host":{"apiId":"/providers/Microsoft.PowerApps/apis/shared_flowpush","connectionName":"shared_flowpush","operationId":"SendNotification"},"parameters":{"NotificationDefinition/notificationText":"You won the lottery!\r"},"authentication":"@parameters('$authentication')"}}},"runAfter":{},"expression":{"contains":["@triggerOutputs()?['body/subject']","!"]},"metadata":{"operationMetadataId":"587179e0-072a-4085-8548-237247c799e1"},"type":"If"}},"outputs":{},"description":"Send a Push Notification to your Power Automate app each time a new email is received in your Office 365 email account. You will need an installation of the Power Automate app for this template"},"connectionReferences":{"shared_flowpush":{"connectionName":"shared-flowpush-a2326e8e-c350-472f-9d1c-3d61f3e20d2f","source":"Embedded","id":"/providers/Microsoft.PowerApps/apis/shared_flowpush","tier":"NotSpecified"},"shared_office365":{"connectionName":"shared-office365-943813b3-846b-4e21-a4ba-35cbaa9ee60b","source":"Embedded","id":"/providers/Microsoft.PowerApps/apis/shared_office365","tier":"NotSpecified"}},"flowFailureAlertSubscribed":false,"isManaged":false}}