{"name":"7513cc8e-625b-4a29-89a6-85c3702b3397","id":"/providers/Microsoft.Flow/flows/7513cc8e-625b-4a29-89a6-85c3702b3397","type":"Microsoft.Flow/flows","properties":{"apiId":"/providers/Microsoft.PowerApps/apis/shared_logicflows","displayName":"GY-Track time","definition":{"metadata":{"workflowEntityId":null,"processAdvisorMetadata":null,"flowclientsuspensionreason":"None","flowclientsuspensiontime":null,"flowclientsuspensionreasondetails":null,"creator":{"id":"4138d0b2-f004-448a-8c36-81e69abcb881","type":"User","tenantId":"996ff804-54e1-4cdb-a28e-02360a77f30e"},"provisioningMethod":"FromDefinition","failureAlertSubscription":true,"clientLastModifiedTime":"2022-11-24T07:18:41.8783161Z"},"$schema":"https://schema.management.azure.com/providers/Microsoft.Logic/schemas/2016-06-01/workflowdefinition.json#","contentVersion":"1.0.0.0","parameters":{"$connections":{"defaultValue":{},"type":"Object"},"$authentication":{"defaultValue":{},"type":"SecureObject"}},"triggers":{"manual":{"metadata":{"operationMetadataId":"ba7722e9-853e-4308-953d-b0fd550bba40"},"type":"Request","kind":"Button","inputs":{"schema":{"type":"object","properties":{"location":{"type":"object","properties":{"fullAddress":{"title":"Full address","type":"string","x-ms-dynamically-added":false}}},"text":{"title":"comment","type":"string","x-ms-dynamically-added":true,"description":" ","x-ms-content-hint":"TEXT"}},"required":["location","text"]},"headersSchema":{"x-ms-user-name-encoded":{"title":"User name","type":"string","format":"byte","x-ms-dynamically-added":false},"x-ms-user-timestamp":{"title":"Timestamp","type":"string","x-ms-dynamically-added":false}}}}},"actions":{"Add_a_row_into_a_table":{"runAfter":{"Convert_time_zone":["Succeeded"]},"metadata":{"01UYPX7IS6ZPL7KD5YWNAK4U7ATKX6UGW2":"/Timesheet.xlsx.xlsx","operationMetadataId":"4b3b075d-bac5-4f61-92b3-54b0520269d1","tableId":"{0DFBD2A5-DE33-41EA-BE85-5C8664476A4C}"},"type":"OpenApiConnection","inputs":{"host":{"apiId":"/providers/Microsoft.PowerApps/apis/shared_excelonlinebusiness","connectionName":"shared_excelonlinebusiness","operationId":"AddRowV2"},"parameters":{"source":"me","drive":"b!1n5ehkEnyk2CP9ghZVmtKP1lla3ESnpHnBUVaEf84lzcI_dFc1ATRYz3IFjSUSAs","file":"01UYPX7IS6ZPL7KD5YWNAK4U7ATKX6UGW2","table":"{0DFBD2A5-DE33-41EA-BE85-5C8664476A4C}","item/Where":"@triggerBody()['location']['fullAddress']","item/Who":"@triggerOutputs()['headers']['x-ms-user-name-encoded']","item/When":"@body('Convert_time_zone')","item/Comment":"@triggerBody()['text']"},"authentication":{"value":"@json(decodeBase64(triggerOutputs().headers['X-MS-APIM-Tokens']))['$ConnectionKey']","type":"Raw"}}},"Convert_time_zone":{"runAfter":{},"metadata":{"operationMetadataId":"673f2811-d354-4cf8-b191-930207152035"},"type":"Expression","kind":"ConvertTimeZone","inputs":{"baseTime":"@triggerOutputs()['headers']['x-ms-user-timestamp']","formatString":"dd/MM/yyyy-T-hh:mm:ss","sourceTimeZone":"Turkey Standard Time","destinationTimeZone":"Turkey Standard Time"}}}},"connectionReferences":{"shared_excelonlinebusiness":{"connectionName":"shared-excelonlinebu-18e04b2b-217a-4ca9-a43e-9b016b584a55","source":"Invoker","id":"/providers/Microsoft.PowerApps/apis/shared_excelonlinebusiness","tier":"NotSpecified"}},"flowFailureAlertSubscribed":false,"isManaged":false}}