{"name":"4b56c065-f6f5-4b3d-93d0-99479c4fc69a","id":"/providers/Microsoft.Flow/flows/4b56c065-f6f5-4b3d-93d0-99479c4fc69a","type":"Microsoft.Flow/flows","properties":{"apiId":"/providers/Microsoft.PowerApps/apis/shared_logicflows","displayName":"GY-Office Capacity","definition":{"metadata":{"workflowEntityId":null,"processAdvisorMetadata":null,"flowclientsuspensionreason":"None","flowclientsuspensiontime":null,"flowclientsuspensionreasondetails":null,"creator":{"id":"4138d0b2-f004-448a-8c36-81e69abcb881","type":"User","tenantId":"996ff804-54e1-4cdb-a28e-02360a77f30e"},"provisioningMethod":"FromDefinition","failureAlertSubscription":true,"clientLastModifiedTime":"2022-11-24T11:51:45.2908399Z"},"$schema":"https://schema.management.azure.com/providers/Microsoft.Logic/schemas/2016-06-01/workflowdefinition.json#","contentVersion":"1.0.0.0","parameters":{"$connections":{"defaultValue":{},"type":"Object"},"$authentication":{"defaultValue":{},"type":"SecureObject"}},"triggers":{"Recurrence":{"recurrence":{"frequency":"Month","interval":1,"startTime":"2021-02-14T07:00:00.000Z"},"metadata":{"operationMetadataId":"6b6e97d5-9891-453e-829f-9f94e5ec4122"},"type":"Recurrence"}},"actions":{"Initialize_variable_Total_Capacity":{"runAfter":{},"metadata":{"operationMetadataId":"2a186518-575a-4e49-9743-042c5808cc9d"},"type":"InitializeVariable","inputs":{"variables":[{"name":"Total  Capacity","type":"integer","value":0}]}},"List_rows_present_in_a_table":{"runAfter":{"Initialize_variable_MaxCapacity":["Succeeded"]},"metadata":{"01UYPX7IXBGVRWOXOATRFK75ZV5YSM37CI":"/GY-Offices.xlsx","operationMetadataId":"0ae077fb-adf6-48d3-ad91-1e111d8e3cfe","tableId":"{DB83C661-FF37-47C2-A530-A46D5C82D75F}"},"type":"OpenApiConnection","inputs":{"host":{"apiId":"/providers/Microsoft.PowerApps/apis/shared_excelonlinebusiness","connectionName":"shared_excelonlinebusiness","operationId":"GetItems"},"parameters":{"source":"me","drive":"b!1n5ehkEnyk2CP9ghZVmtKP1lla3ESnpHnBUVaEf84lzcI_dFc1ATRYz3IFjSUSAs","file":"01UYPX7IXBGVRWOXOATRFK75ZV5YSM37CI","table":"{DB83C661-FF37-47C2-A530-A46D5C82D75F}"},"authentication":"@parameters('$authentication')"}},"Apply_to_each":{"foreach":"@outputs('List_rows_present_in_a_table')?['body/value']","actions":{"Increment_variable":{"runAfter":{},"metadata":{"operationMetadataId":"aafdcc1e-1fad-4d36-802d-f4592f6bdbca"},"type":"IncrementVariable","inputs":{"name":"Total  Capacity","value":"@int(items('Apply_to_each')['Capacity'])"}},"Condition":{"actions":{"Set_variable_MaxCapacity":{"runAfter":{},"metadata":{"operationMetadataId":"d68bd9e9-e6f0-4f71-bf22-2b71f73ac331"},"type":"SetVariable","inputs":{"name":"MaxCapacity","value":"@int(items('Apply_to_each')['Capacity'])"}}},"runAfter":{"Increment_variable":["Succeeded"]},"else":{"actions":{"Set_variable_Bigger_Office":{"runAfter":{},"metadata":{"operationMetadataId":"4bc619ac-55c8-4b6d-8e53-975c85ca4b37"},"type":"SetVariable","inputs":{"name":"Bigger office","value":"@items('Apply_to_each')?['City']"}}}},"expression":{"greater":["@int(items('Apply_to_each')['Capacity'])","@int(variables('MaxCapacity'))"]},"metadata":{"operationMetadataId":"d4558c87-94b7-476c-be01-4b8dcfb58b31"},"type":"If"}},"runAfter":{"List_rows_present_in_a_table":["Succeeded"]},"metadata":{"operationMetadataId":"79106e6f-ef9d-469f-a659-630e4c96bb16"},"type":"Foreach"},"Initialize_variable_Bigger_office":{"runAfter":{"Initialize_variable_Total_Capacity":["Succeeded"]},"metadata":{"operationMetadataId":"5af68972-c232-4c58-834b-17b9f1cec36c"},"type":"InitializeVariable","inputs":{"variables":[{"name":"Bigger office","type":"string"}]}},"Initialize_variable_MaxCapacity":{"runAfter":{"Initialize_variable_Bigger_office":["Succeeded"]},"metadata":{"operationMetadataId":"286edaec-2123-42a4-bd31-8719339115bd"},"type":"InitializeVariable","inputs":{"variables":[{"name":"MaxCapacity","type":"integer"}]}},"Create_HTML_table":{"runAfter":{"Select":["Succeeded"]},"metadata":{"operationMetadataId":"01011275-66f6-493f-834b-c63e6e898e4d"},"type":"Table","inputs":{"from":"@body('Select')","format":"HTML"}},"Select":{"runAfter":{"Apply_to_each":["Succeeded"]},"metadata":{"operationMetadataId":"bb9355ae-c67c-423b-b2f5-517c16e6a67e"},"type":"Select","inputs":{"from":"@outputs('List_rows_present_in_a_table')?['body/value']","select":{"City":"@item()?['City']","Capacity":"@item()?['Capacity']"}}},"Send_an_email_(V2)":{"runAfter":{"Create_HTML_table":["Succeeded"]},"metadata":{"operationMetadataId":"9505664c-a77b-4b8d-a2c4-af195e201260"},"type":"OpenApiConnection","inputs":{"host":{"apiId":"/providers/Microsoft.PowerApps/apis/shared_office365","connectionName":"shared_office365","operationId":"SendEmailV2"},"parameters":{"emailMessage/To":"yadigoogirl@gmail.com","emailMessage/Subject":"Office Capacity Report","emailMessage/Body":"<p>The biggest office is: @{variables('Bigger office')}<br>\nIt's capacity is: @{variables('MaxCapacity')}<br>\nTotal Capacity: @{variables('Total  Capacity')}<br>\n<u>The list of office is:</u><br>\n@{body('Create_HTML_table')}</p>","emailMessage/Importance":"Normal"},"authentication":"@parameters('$authentication')"}}}},"connectionReferences":{"shared_excelonlinebusiness":{"connectionName":"shared-excelonlinebu-18e04b2b-217a-4ca9-a43e-9b016b584a55","source":"Embedded","id":"/providers/Microsoft.PowerApps/apis/shared_excelonlinebusiness","tier":"NotSpecified"},"shared_office365":{"connectionName":"shared-office365-943813b3-846b-4e21-a4ba-35cbaa9ee60b","source":"Embedded","id":"/providers/Microsoft.PowerApps/apis/shared_office365","tier":"NotSpecified"}},"flowFailureAlertSubscribed":false,"isManaged":false}}