{"name":"9547d40f-ebf2-47c1-a157-c48cabb78501","id":"/providers/Microsoft.Flow/flows/9547d40f-ebf2-47c1-a157-c48cabb78501","type":"Microsoft.Flow/flows","properties":{"apiId":"/providers/Microsoft.PowerApps/apis/shared_logicflows","displayName":"GYCreateTeamFromPowerApps","definition":{"metadata":{"workflowEntityId":null,"processAdvisorMetadata":null,"flowclientsuspensionreason":"None","flowclientsuspensiontime":null,"flowclientsuspensionreasondetails":null,"creator":{"id":"4138d0b2-f004-448a-8c36-81e69abcb881","type":"User","tenantId":"996ff804-54e1-4cdb-a28e-02360a77f30e"},"provisioningMethod":"FromDefinition","failureAlertSubscription":true,"clientLastModifiedTime":"2022-11-28T06:15:38.4208301Z"},"$schema":"https://schema.management.azure.com/providers/Microsoft.Logic/schemas/2016-06-01/workflowdefinition.json#","contentVersion":"1.0.0.0","parameters":{"$authentication":{"defaultValue":{},"type":"SecureObject"}},"triggers":{"manual":{"metadata":{"operationMetadataId":"186c6877-c6f8-4813-a2e2-3fd84ac52be5"},"type":"Request","kind":"PowerApp","inputs":{"schema":{"type":"object","properties":{"TeamName_Inputs":{"type":"any","description":"Inputs","x-ms-powerflows-param-ispartial":false},"TeamOwner_Inputs":{"type":"any","description":"Inputs","x-ms-powerflows-param-ispartial":false}},"required":["TeamName_Inputs","TeamOwner_Inputs"]}}}},"actions":{"Team_Name":{"runAfter":{},"metadata":{"operationMetadataId":"cf8290b9-623a-46ee-9a1f-7cdb76eef59b"},"type":"Compose","inputs":"@triggerBody()['TeamName_Inputs']"},"Team_Owner":{"runAfter":{"Team_Name":["Succeeded"]},"metadata":{"operationMetadataId":"30a3fb7f-ca69-46df-b6f7-bce805e1df32"},"type":"Compose","inputs":"@triggerBody()['TeamOwner_Inputs']"},"Response":{"runAfter":{"Team_Owner":["Succeeded"]},"metadata":{"operationMetadataId":"ce712260-6d7b-4bdd-a9e3-355e5486a8b5"},"type":"Compose","inputs":"Team created"},"Respond_to_a_PowerApp_or_flow":{"runAfter":{"Response":["Succeeded"]},"metadata":{"operationMetadataId":"9c61454e-2fe7-4240-a560-46b4a8075e11"},"type":"Response","kind":"PowerApp","inputs":{"statusCode":200,"body":{"response":"@{outputs('Response')}"},"schema":{"type":"object","properties":{"response":{"title":"response","x-ms-dynamically-added":true,"type":"string"}}}}}}},"connectionReferences":{},"flowFailureAlertSubscribed":false,"isManaged":false}}