{"schemaVersion":"1.0","appDefinitionTemplate":{"id":"/providers/Microsoft.PowerApps/apps/","type":"Microsoft.PowerApps/apps","tags":{"primaryDeviceWidth":"640","primaryDeviceHeight":"1136","supportsPortrait":"true","supportsLandscape":"true","primaryFormFactor":"Phone","publisherVersion":"3.22111.19","minimumRequiredApiVersion":"2.2.0","hasComponent":"false","hasUnlockedComponent":"false","isUnifiedRootApp":"false","sienaVersion":"20221128T064026Z-3.22111.19.0"},"properties":{"appVersion":"2022-11-28T06:40:26Z","lifeCycleId":"Published","createdByClientVersion":{"major":3,"minor":22111,"build":19,"revision":0,"majorRevision":0,"minorRevision":0},"minClientVersion":{"major":3,"minor":22111,"build":19,"revision":0,"majorRevision":0,"minorRevision":0},"backgroundColor":"rgba(109, 49, 162, 1)","backgroundImageUri":"/15757211017741120779/Nef5f3bfe-586b-4cd1-a20c-44136c6e2510-logoSmallFile","displayName":"GY-CreateTeam","description":"","commitMessage":"","appUris":{"documentUri":{"value":"/15757211017741120779/N35959479-9e2b-4d12-b3f1-820bc028677d-document.msapp"},"imageUris":[],"additionalUris":[]},"createdTime":"0001-01-01T00:00:00Z","lastModifiedTime":"0001-01-01T00:00:00Z","sharedGroupsCount":0,"sharedUsersCount":0,"icons":{"smallIconUri":"/15757211017741120779/N1d9f24dd-9252-4c27-b2ec-7434de7f9af3-small.png","mediumIconUri":"/15757211017741120779/Nd87fac3d-5692-402d-bcd3-d27ebb7f6c96-medium.png","largeIconUri":"/15757211017741120779/N0323c586-ea3b-469f-84aa-cd60baf1d818-large.png","wideIconUri":"/15757211017741120779/Nc3f48d1f-cdaa-44ae-a885-9f61044ea449-wide.png"},"connectionReferences":{"5ccf176d-1c54-4ee4-bbc4-dc6620ccc412":{"id":"9df25e57-ae4c-41b4-bb12-ae5987e39056","displayName":"Logic flows","iconUri":"https://connectoricons-prod.azureedge.net/releases/v1.0.1534/1.0.1534.2605/logicflows/icon.png","dataSources":["GYCreateTeamFromPowerApps"],"dependencies":[],"dependents":[],"parameterHints":{"workflowName":{"value":"df72d5ab-fecc-4650-9b88-5d6fa814bc5f"},"workflowEntityId":{}},"parameterHintsV2":{"workflowName":{"value":"df72d5ab-fecc-4650-9b88-5d6fa814bc5f"},"workflowEntityId":{}},"isOnPremiseConnection":false,"bypassConsent":false,"dataSets":{},"apiTier":"Standard","isCustomApiConnection":false,"actions":["Run"]}},"databaseReferences":{},"almMode":"Environment","performanceOptimizationEnabled":true,"canConsumeAppPass":true,"enableModernRuntimeMode":false,"executionRestrictions":{"isTeamsOnly":false,"dataLossPreventionEvaluationResult":{"status":"Compliant","lastEvaluationDate":"2022-11-28T06:39:32.7021169Z","violations":[],"violationsByPolicy":[],"violationErrorMessage":"The app uses the following connectors: shared_logicflows."},"httpActionRestriction":{"appUsesSharepointHttpAction":false,"enforcementStrategy":"Legacy","evaluationTime":"2022-11-28T06:39:32.7020725Z"}}},"appType":"ClassicCanvasApp","appComponents":[]}}