{"name":"6e198e09-14f2-4d76-a691-9dabb18cf582","id":"/providers/Microsoft.Flow/flows/6e198e09-14f2-4d76-a691-9dabb18cf582","type":"Microsoft.Flow/flows","properties":{"apiId":"/providers/Microsoft.PowerApps/apis/shared_logicflows","displayName":"GY-Training evaluation","definition":{"metadata":{"workflowEntityId":null,"processAdvisorMetadata":null,"flowclientsuspensionreason":"None","flowclientsuspensiontime":null,"flowclientsuspensionreasondetails":null,"creator":{"id":"4138d0b2-f004-448a-8c36-81e69abcb881","type":"User","tenantId":"996ff804-54e1-4cdb-a28e-02360a77f30e"},"provisioningMethod":"FromDefinition","failureAlertSubscription":true,"clientLastModifiedTime":"2022-11-28T04:46:27.4979055Z"},"$schema":"https://schema.management.azure.com/providers/Microsoft.Logic/schemas/2016-06-01/workflowdefinition.json#","contentVersion":"1.0.0.0","parameters":{"$connections":{"defaultValue":{},"type":"Object"},"$authentication":{"defaultValue":{},"type":"SecureObject"}},"triggers":{"When_a_new_response_is_submitted":{"splitOn":"@triggerOutputs()?['body/value']","metadata":{"operationMetadataId":"530b2e4c-040b-4f3a-815f-052ca0b7fdbc"},"type":"OpenApiConnectionWebhook","inputs":{"host":{"apiId":"/providers/Microsoft.PowerApps/apis/shared_microsoftforms","connectionName":"shared_microsoftforms","operationId":"CreateFormWebhook"},"parameters":{"form_id":"BPhvmeFU20yijgI2CnfzDrLQOEEE8IpEjDaB5pq8uIFUODRVSTFDOTYxQTgxMU9UWkVDNjYzTE03RS4u"},"authentication":"@parameters('$authentication')"}}},"actions":{"Get_response_details":{"runAfter":{},"metadata":{"operationMetadataId":"9ffa87bc-a7d9-486e-bf95-eadefcecd98a"},"type":"OpenApiConnection","inputs":{"host":{"apiId":"/providers/Microsoft.PowerApps/apis/shared_microsoftforms","connectionName":"shared_microsoftforms","operationId":"GetFormResponseById"},"parameters":{"form_id":"BPhvmeFU20yijgI2CnfzDrLQOEEE8IpEjDaB5pq8uIFUODRVSTFDOTYxQTgxMU9UWkVDNjYzTE03RS4u","response_id":"@triggerOutputs()?['body/resourceData/responseId']"},"authentication":"@parameters('$authentication')"}},"FirstName":{"runAfter":{"Get_response_details":["Succeeded"]},"metadata":{"operationMetadataId":"88d398b1-9e66-4ca0-9824-962ec666f3db"},"type":"Compose","inputs":"@outputs('Get_response_details')?['body/rcf47140cc48546c3bd113ec20848e346']"},"LastName":{"runAfter":{"FirstName":["Succeeded"]},"metadata":{"operationMetadataId":"41745086-a544-4085-bcaf-aae02c10fda0"},"type":"Compose","inputs":"@outputs('Get_response_details')?['body/r3bf463074ed946f7ad95e160a68ba27f']"},"Email":{"runAfter":{"LastName":["Succeeded"]},"metadata":{"operationMetadataId":"e7fd9bb1-dc0e-490d-83d5-1ecbf3dcf585"},"type":"Compose","inputs":"@outputs('Get_response_details')?['body/rcefd8c574e4d40e0bbd3f5e46b61d6e1']"},"Course_Evaluation":{"runAfter":{"Email":["Succeeded"]},"metadata":{"operationMetadataId":"2423f697-2cf9-4981-9abe-85bd5cfafc74"},"type":"Compose","inputs":"@outputs('Get_response_details')?['body/r5cb8b660f8904060b2eb2d13cc766a0c']"},"Trainer_Evaluation":{"runAfter":{"Course_Evaluation":["Succeeded"]},"metadata":{"operationMetadataId":"cf16c387-c9e4-4eab-96a0-bf715271752f"},"type":"Compose","inputs":"@outputs('Get_response_details')?['body/r1db5316688ea4a94a498c3773866929f']"},"Condition":{"actions":{"Send_an_email_(V2)":{"runAfter":{},"metadata":{"operationMetadataId":"a8108eae-4356-4ef4-a30b-1b250dab7ebd"},"type":"OpenApiConnection","inputs":{"host":{"apiId":"/providers/Microsoft.PowerApps/apis/shared_office365","connectionName":"shared_office365","operationId":"SendEmailV2"},"parameters":{"emailMessage/To":"GozelYadigorova@m365x82044298.onmicrosoft.com","emailMessage/Subject":"Bad course evaluation","emailMessage/Body":"<p>from @{outputs('Get_response_details')?['body/rcf47140cc48546c3bd113ec20848e346']} @{outputs('Get_response_details')?['body/r3bf463074ed946f7ad95e160a68ba27f']}.<br>\nThe course evaluation was: @{outputs('Get_response_details')?['body/r5cb8b660f8904060b2eb2d13cc766a0c']}.<br>\nThe trainer evaluation was: @{outputs('Get_response_details')?['body/r1db5316688ea4a94a498c3773866929f']}.</p>","emailMessage/Importance":"Normal"},"authentication":"@parameters('$authentication')"}}},"runAfter":{"Trainer_Evaluation":["Succeeded"]},"expression":{"or":[{"less":["@int(outputs('Course_Evaluation'))",4]},{"less":["@int(outputs('Trainer_Evaluation'))",4]}]},"metadata":{"operationMetadataId":"5aecf612-35c1-48ca-b94a-79dc93822f49"},"type":"If"}}},"connectionReferences":{"shared_microsoftforms":{"connectionName":"shared-microsoftform-d9482c55-e950-4066-a829-65fad460dce7","source":"Embedded","id":"/providers/Microsoft.PowerApps/apis/shared_microsoftforms","tier":"NotSpecified"},"shared_office365":{"connectionName":"shared-office365-943813b3-846b-4e21-a4ba-35cbaa9ee60b","source":"Embedded","id":"/providers/Microsoft.PowerApps/apis/shared_office365","tier":"NotSpecified"}},"flowFailureAlertSubscribed":false,"isManaged":false}}